{"cameraMode":{"drawMode":0,"name":"Shaded","section":"Shading Mode"},"sceneLighting":true,"audioPlay":false,"sceneViewState":{"m_AlwaysRefresh":false,"showFog":true,"showSkybox":true,"showFlares":true,"showImageEffects":true,"showParticleSystems":true,"showVisualEffectGraphs":true,"m_FxEnabled":true},"in2DMode":false,"pivot":{"x":15.651759147644043,"y":20.310930252075197,"z":32.099796295166019},"rotation":{"x":-0.02414971962571144,"y":0.9758678078651428,"z":-0.1537904441356659,"w":-0.15317974984645844},"size":0.10831178724765778,"orthographic":false}