{"cameraMode":{"drawMode":0,"name":"Shaded","section":"Shading Mode"},"sceneLighting":true,"audioPlay":false,"sceneViewState":{"m_AlwaysRefresh":false,"showFog":true,"showSkybox":false,"showFlares":true,"showImageEffects":true,"showParticleSystems":true,"showVisualEffectGraphs":true,"m_FxEnabled":true},"in2DMode":false,"pivot":{"x":22.614177703857423,"y":2.521829605102539,"z":-0.46232369542121889},"rotation":{"x":0.013879229314625264,"y":0.7583088278770447,"z":-0.016168776899576188,"w":0.6515284776687622},"size":15.748370170593262,"orthographic":false}