{"cameraMode":{"drawMode":0,"name":"Shaded","section":"Shading Mode"},"sceneLighting":true,"audioPlay":false,"sceneViewState":{"m_AlwaysRefresh":false,"showFog":true,"showSkybox":false,"showFlares":true,"showImageEffects":true,"showParticleSystems":true,"showVisualEffectGraphs":true,"m_FxEnabled":true},"in2DMode":false,"pivot":{"x":0.3875332772731781,"y":1.069860816001892,"z":-1.4322283267974854},"rotation":{"x":0.13148589432239533,"y":0.40079963207244875,"z":-0.05824212729930878,"w":0.9047958850860596},"size":2.925544500350952,"orthographic":false}